Algorithm,Mean,Std,Dist_Type
Branch-and-Bound,333.4485778808594,242.07144165039062,Euclidean
Twice around the tree,0.0007098833448253572,0.00015771431208122522,Euclidean
Christofides,0.004561583045870066,0.001886779791675508,Euclidean
Branch-and-Bound,380.1343688964844,371.826416015625,Manhattan
Twice around the tree,0.00063551269704476,0.00010806821228470653,Manhattan
Christofides,0.004369433503597975,0.001366751966997981,Manhattan
